INSERT INTO s_articles (`id`, `name`, main_detail_id, changetime, pricegroupActive, laststock, crossbundlelook, notification, template, mode)
VALUES (14467, 'Baby-Träger', 7091846, NOW(), 1, 1, 0, 0, 1, 0);
INSERT INTO s_articles_details (id, `articleID`, `ordernumber`, `kind`, `position`) VALUES (7091846, 14467, 'sw1004', 1, 0);
INSERT INTO s_plugin_connect_items (article_id, article_detail_id, source_id, purchase_price_hash, offer_valid_until, stream, shop_id)
VALUES (14467, 7091846, 14467, "hash", 123, "Awesome products", NULL);

INSERT INTO s_articles (`id`, `name`, main_detail_id, changetime, pricegroupActive, laststock, crossbundlelook, notification, template, mode)
VALUES (14468, 'Boba Wrap', 7091847, NOW(), 1, 1, 0, 0, 1, 0);
INSERT INTO s_articles_details (id, `articleID`, `ordernumber`, `kind`, `position`) VALUES (7091847, 14468, 'sw1005', 1, 0);
INSERT INTO s_plugin_connect_items (article_id, article_detail_id, source_id, purchase_price_hash, offer_valid_until, stream, shop_id)
VALUES (14468, 7091847, 14468, "hash", 123, "Awesome products", NULL);

INSERT INTO s_articles (`id`, `name`, main_detail_id, changetime, pricegroupActive, laststock, crossbundlelook, notification, template, mode)
VALUES (14469, 'SECHS Positionen', 7091848, NOW(), 1, 1, 0, 0, 1, 0);
INSERT INTO s_articles_details (id, `articleID`, `ordernumber`, `kind`, `position`) VALUES (7091848, 14469, 'sw1006', 1, 0);
INSERT INTO s_plugin_connect_items (article_id, article_detail_id, source_id, purchase_price_hash, offer_valid_until, stream, shop_id)
VALUES (14469, 7091848, 14469, "hash", 123, "Awesome products", NULL);
INSERT INTO s_articles_details (id, `articleID`, `ordernumber`, `kind`, `position`) VALUES (7091849, 14469, 'sw1006.2', 2, 0);
INSERT INTO s_plugin_connect_items (article_id, article_detail_id, source_id, purchase_price_hash, offer_valid_until, stream, shop_id)
VALUES (14469, 7091849, '14469-7091849', "hash", 123, "Awesome products", NULL);

INSERT INTO s_articles (`id`, `name`, main_detail_id, changetime, pricegroupActive, laststock, crossbundlelook, notification, template, mode)
VALUES (14470, 'Tom Joule Wellibob', 7091850, NOW(), 1, 1, 0, 0, 1, 0);
INSERT INTO s_articles_details (id, `articleID`, `ordernumber`, `kind`, `position`) VALUES (7091850, 14470, 'sw1007', 1, 0);
INSERT INTO s_plugin_connect_items (article_id, article_detail_id, source_id, purchase_price_hash, offer_valid_until, stream, shop_id)
VALUES (14470, 7091850, 14470, "hash", 123, "Awesome products", NULL);
INSERT INTO s_articles_details (id, `articleID`, `ordernumber`, `kind`, `position`) VALUES (7091851, 14470, 'sw1007.2', 2, 0);
INSERT INTO s_plugin_connect_items (article_id, article_detail_id, source_id, purchase_price_hash, offer_valid_until, stream, shop_id)
VALUES (14470, 7091851, '14470-7091851', "hash", 123, "Awesome products", NULL);
INSERT INTO s_articles_details (id, `articleID`, `ordernumber`, `kind`, `position`) VALUES (7091852, 14470, 'sw1007.3', 2, 0);
INSERT INTO s_plugin_connect_items (article_id, article_detail_id, source_id, purchase_price_hash, offer_valid_until, stream, shop_id)
VALUES (14470, 7091852, '14470-7091852', "hash", 123, "Awesome products", NULL);

INSERT INTO s_articles (`id`, `name`, main_detail_id, changetime, pricegroupActive, laststock, crossbundlelook, notification, template, mode)
VALUES (14471, 'CI Module', 7091853, NOW(), 1, 1, 0, 0, 1, 0);
INSERT INTO s_articles_details (id, `articleID`, `ordernumber`, `kind`, `position`) VALUES (7091853, 14471, 'sw1008', 1, 0);
INSERT INTO s_plugin_connect_items (article_id, article_detail_id, source_id, purchase_price_hash, offer_valid_until, stream, shop_id)
VALUES (14471, 7091853, 14471, "hash", 123, "Awesome products", NULL);